id;name;description;price_range;min_order;order_req;supply_ability;history_view_product;user_id;order_click;image
7692ced6-614d-40b1-8aa4-70bca9f62e69;Wood Flooring;Description of the product.;$62-$166;48;FALSE;101;912;aee6c0d7-8028-456d-9e61-dd62ba21a536;74;https://drive.google.com/uc?id=6fGhIjKlMnOpQrStUvWxYzAbCdE
a376dccc-5f37-4ed3-8e8b-23cdbe9c4290;Coffee Arabica Grade 5;Description of the product.;$62-$138;57;FALSE;429;527;6f163730-4654-405e-979f-7eb01353a814;273;https://drive.google.com/uc?id=17qRsTuVwXyZaBcDeFgHiJkLmNo
d3787a8b-4626-4697-b8ec-810213376d2e;Cacao Nacional Grade B;Description of the product.;$49-$393;48;FALSE;469;500;c4c7c78c-a416-4880-847d-ac843ca89c2b;178;https://drive.google.com/uc?id=19sTuVwXyZaBcDeFgHiJkLmNoPq
fa1e7c04-1025-4eec-bfdd-e9536311e94f;Coffee Robusta Grade 4a;Description of the product.;$63-$363;71;FALSE;133;695;0ccf3bfc-8065-4476-92bd-c322e4e0d760;405;https://drive.google.com/uc?id=1aBcDeFgHiJkLmNoPqRsTuVwXyZ
2ca025fb-21b1-4669-8f2b-bd10a95089e5;Coffee Lini S Grade 1;Description of the product.;$27-$345;95;FALSE;847;630;112e76a2-4b93-4173-a03f-802530e4a3c7;83;https://drive.google.com/uc?id=7gHiJkLmNoPqRsTuVwXyZaBcDeF
dfe0c839-a32c-4503-b432-8d5eac9f9240;Cacao Bali Grade A;Description of the product.;$79-$461;7;FALSE;568;647;fdeefeb0-e53c-4dfa-bed5-07ab828758b8;11;https://drive.google.com/uc?id=8hIjKlMnOpQrStUvWxYzAbCdEfG
78ecba06-b8fa-4df5-8c93-a4c50f9f352b;Coffee Toraja Grade 1;Description of the product.;$39-$252;17;TRUE;856;126;9ae82692-c9df-4f68-9d63-082515f80d09;347;https://drive.google.com/uc?id=8hIjKlMnOpQrStUvWxYzAbCdEfG
fb4365fc-22c4-4c5f-b7ef-9776be9b7bf3;Wood Flooring;Description of the product.;$69-$124;74;TRUE;799;606;ff2049c1-fede-4a5c-bf45-63596730bc6a;320;https://drive.google.com/uc?id=3cDeFgHiJkLmNoPqRsTuVwXyZaB
0f1128f0-3fc6-437c-a21c-8f538e6d0258;Coffee Flores Bajawa Grade 1;Description of the product.;$13-$469;96;TRUE;323;789;64eebdb4-7ade-40e0-8d67-6c1e113f5396;136;https://drive.google.com/uc?id=12lMnOpQrStUvWxYzAbCdEfGhIj
eac6da81-b469-4b74-9a7b-a21b1cf07887;Cacao Amelonado Grade A;Description of the product.;$63-$478;14;FALSE;526;480;e04b3f29-456b-41d4-9f94-cab3b2434feb;435;https://drive.google.com/uc?id=10jKlMnOpQrStUvWxYzAbCdEfGh
81028d08-f36c-4b55-a72d-aa7fe3d29242;Coffee Arabica Grade 1;Description of the product.;$57-$377;64;TRUE;748;259;c01d5112-d2a0-4522-a36b-a2ad0dd65d7c;137;https://drive.google.com/uc?id=7gHiJkLmNoPqRsTuVwXyZaBcDeF
9c1b1517-9a60-4b5c-bae6-65f0b4b92f80;Coffee Kintamani Grade 2;Description of the product.;$72-$336;60;FALSE;116;67;92082ea6-2898-4ebd-ae4c-4053426ef4bc;264;https://drive.google.com/uc?id=11kLmNoPqRsTuVwXyZaBcDeFgHi
42436df3-2d93-40ff-a930-43a46ec7baa3;Coffee Mandheling Grade 2;Description of the product.;$60-$145;24;TRUE;114;697;9f3ad7d0-2d49-418e-865c-af935d3fa792;85;https://drive.google.com/uc?id=6fGhIjKlMnOpQrStUvWxYzAbCdE
84c76937-1518-45cd-9f5c-b208f54c3d46;Coffee Flores Bajawa Grade 5;Description of the product.;$20-$342;92;FALSE;686;422;4c0e6a66-ae44-40c6-9824-002a041b51c3;294;https://drive.google.com/uc?id=9iJkLmNoPqRsTuVwXyZaBcDeFgH
2aab97a4-f3a7-42c3-acdc-6b1443f790b5;Cacao Nacional Grade C;Description of the product.;$28-$415;79;TRUE;772;125;522bec62-a21a-4ab1-a23b-72d4b2ce9373;38;https://drive.google.com/uc?id=7gHiJkLmNoPqRsTuVwXyZaBcDeF
ed942331-e16b-4cc6-bdd4-1fa716709d3d;Coffee Toraja Grade 6;Description of the product.;$21-$379;98;FALSE;699;571;e8ec22ba-2eab-4ff0-bf53-cf4d827c4b92;211;https://drive.google.com/uc?id=11kLmNoPqRsTuVwXyZaBcDeFgHi
c111fe92-6cad-452d-9b59-129475a72825;Wood Sculpture;Description of the product.;$31-$459;60;FALSE;683;737;8de023d4-b9a1-4654-aff8-2a45f61bdd76;33;https://drive.google.com/uc?id=7gHiJkLmNoPqRsTuVwXyZaBcDeF
2a1c6751-9764-4c1d-a123-aa8d59f7f533;Coffee Mandheling Grade 2;Description of the product.;$32-$435;100;TRUE;490;614;fa01033c-4da1-48fa-8d90-34bbf51507c2;338;https://drive.google.com/uc?id=17qRsTuVwXyZaBcDeFgHiJkLmNo
75f37dce-a7d2-4be3-b5ef-846d3e248755;Coffee Kintamani Grade 1;Description of the product.;$75-$470;11;TRUE;135;623;f35705f3-3634-4aaa-bedb-d06c6e11d953;16;https://drive.google.com/uc?id=12lMnOpQrStUvWxYzAbCdEfGhIj
3acacc25-c706-4a87-98b5-6bbe2f987218;Coffee Mandheling Grade 4b;Description of the product.;$63-$433;98;TRUE;632;170;3f9496db-e50c-4d06-8075-0d0c0f738710;404;https://drive.google.com/uc?id=20tUvWxYzAbCdEfGhIjKlMnOpQr
afab6aca-4c73-4d0b-81f7-b2d1cb050c0a;Coffee Mandheling Grade 5;Description of the product.;$49-$329;15;FALSE;556;436;ee465dbc-9c6c-44d1-b507-ed5cec505686;215;https://drive.google.com/uc?id=10jKlMnOpQrStUvWxYzAbCdEfGh
4c794d3e-d71e-4420-bf0c-a073f326264b;Coffee Toraja Grade 4b;Description of the product.;$48-$199;22;FALSE;909;341;37529d49-58d9-4f27-9615-28b69f94cbae;357;https://drive.google.com/uc?id=1aBcDeFgHiJkLmNoPqRsTuVwXyZ
d0b15103-ed8c-40f1-aaeb-e7e8c1483034;Wood Carvings;Description of the product.;$96-$198;39;FALSE;906;619;cba10864-1cec-4dd4-ab34-87056f59af85;124;https://drive.google.com/uc?id=8hIjKlMnOpQrStUvWxYzAbCdEfG
bdf26733-4831-4184-8912-0affe34d9e79;Cacao Criollo Grade B;Description of the product.;$41-$214;74;FALSE;727;108;b6ef4f77-114a-4618-9337-f0ce5345a7ec;208;https://drive.google.com/uc?id=11kLmNoPqRsTuVwXyZaBcDeFgHi
98518a67-5f93-48a7-8e94-a560ad7eea4b;Coffee Flores Bajawa Grade 4b;Description of the product.;$61-$346;16;FALSE;768;546;f23ea08b-5830-424c-bb01-70fad5101eb6;467;https://drive.google.com/uc?id=10jKlMnOpQrStUvWxYzAbCdEfGh
5417176d-8b19-49ff-827e-66072d6d3c9e;Cacao Trinitario Grade A;Description of the product.;$44-$263;22;FALSE;847;579;8eed6996-3823-43a6-b748-ed034ef6bca9;469;https://drive.google.com/uc?id=6fGhIjKlMnOpQrStUvWxYzAbCdE
c3a76bcd-9c0c-4135-ba3d-5e4e9c669e7d;Cacao Bali Grade A;Description of the product.;$18-$497;60;FALSE;227;663;fed6eeca-d89d-49d6-8fcf-17b5e75ab971;352;https://drive.google.com/uc?id=17qRsTuVwXyZaBcDeFgHiJkLmNo
4d46f4b5-328d-4e06-95a2-7e436483d02c;Wood Plywood;Description of the product.;$92-$320;14;TRUE;455;334;d844ddd7-a3b0-43ea-a8c2-d7b0b4c9dc1c;138;https://drive.google.com/uc?id=18rStUvWxYzAbCdEfGhIjKlMnOp
5ab349c7-50e0-40d6-8b35-4a47b6d12cf7;Wood Flooring;Description of the product.;$86-$198;76;TRUE;670;304;21132675-4264-4b8c-a8ef-44d6f55b2450;411;https://drive.google.com/uc?id=16pQrStUvWxYzAbCdEfGhIjKlMn
0a40e38c-dff2-4e0d-a0c7-439df00c7faf;Coffee Gayo Grade 6;Description of the product.;$87-$259;69;FALSE;242;104;a1e7479f-815e-4ad7-8deb-d0be49e10d3b;55;https://drive.google.com/uc?id=1aBcDeFgHiJkLmNoPqRsTuVwXyZ
a6d3d44d-6b38-4e2a-9834-602dd2f14670;Cacao Forastero Grade C;Description of the product.;$83-$249;49;TRUE;774;960;763218dc-04e5-4d16-9832-81a32efdfcaf;436;https://drive.google.com/uc?id=16pQrStUvWxYzAbCdEfGhIjKlMn
550ef21c-7907-42e1-8f23-29e31f60bea7;Wood Decking;Description of the product.;$69-$481;54;TRUE;622;614;184c1f50-6393-4b73-971a-6c700b802beb;271;https://drive.google.com/uc?id=11kLmNoPqRsTuVwXyZaBcDeFgHi
9247d1ae-e473-4911-824a-2fc47f099ba0;Wood Paneling;Description of the product.;$48-$457;36;FALSE;129;306;d32b50d9-4ca6-495c-95fb-64fc6bfcc835;150;https://drive.google.com/uc?id=5eFgHiJkLmNoPqRsTuVwXyZaBcD
8c4dfb2b-41fb-4c4c-b0b2-55b8acba42c8;Cacao Criollo Grade A;Description of the product.;$28-$338;28;TRUE;163;182;07f36edf-8c3d-41b5-85dc-791358367d52;497;https://drive.google.com/uc?id=9iJkLmNoPqRsTuVwXyZaBcDeFgH
4952b1c9-4103-4d3c-a593-825b0230e3b6;Wood Flooring;Description of the product.;$39-$267;3;TRUE;886;885;8a75c392-fef8-44cb-a5e0-7a6508f4b051;483;https://drive.google.com/uc?id=6fGhIjKlMnOpQrStUvWxYzAbCdE
87cf25a6-642e-47a1-af21-1baf7d3aeeb7;Coffee Robusta Grade 3;Description of the product.;$15-$360;36;TRUE;881;114;a4f20538-7ad8-4572-b503-c1c5cecd2ff9;180;https://drive.google.com/uc?id=18rStUvWxYzAbCdEfGhIjKlMnOp
5e60becc-1987-42c3-9c95-8fb24b0be8b8;Coffee Flores Bajawa Grade 5;Description of the product.;$44-$122;60;TRUE;396;268;81d1ae09-1fb6-4086-b168-3b1ba7695100;391;https://drive.google.com/uc?id=20tUvWxYzAbCdEfGhIjKlMnOpQr
67e4a4b2-d2d2-4748-82f3-0652f1854c20;Wood Veneer;Description of the product.;$76-$475;27;FALSE;930;493;2a84d2da-da35-46b8-aaf3-29a2fc422d98;163;https://drive.google.com/uc?id=7gHiJkLmNoPqRsTuVwXyZaBcDeF
79b3e6ff-42a5-4447-8a7b-31c2737a899a;Cacao Trinitario Grade C;Description of the product.;$15-$199;85;TRUE;306;539;679a53d4-ac8e-433d-b493-d3322a37a4dc;223;https://drive.google.com/uc?id=19sTuVwXyZaBcDeFgHiJkLmNoPq
b349474d-4c58-4ad2-a0b3-a9815338d0ec;Cacao Trinitario Grade B;Description of the product.;$22-$476;69;TRUE;870;23;3d696e6d-97b9-4ee7-922e-e0ffb1bbadc6;70;https://drive.google.com/uc?id=11kLmNoPqRsTuVwXyZaBcDeFgHi
306da000-4922-4f8d-ab15-57897a91b509;Cacao Criollo Grade B;Description of the product.;$66-$110;77;FALSE;661;262;965ebf67-5585-4949-9730-6397a68d2259;17;https://drive.google.com/uc?id=9iJkLmNoPqRsTuVwXyZaBcDeFgH
e1a625d9-5569-408a-9940-f09412416692;Coffee Liberica Grade 2;Description of the product.;$17-$434;16;FALSE;733;350;9b119b36-192b-40d3-9861-ac9ef04efb47;311;https://drive.google.com/uc?id=9iJkLmNoPqRsTuVwXyZaBcDeFgH
42174f5b-1147-4cf6-8c84-17b0564e42d3;Wood Flooring;Description of the product.;$13-$369;59;TRUE;247;119;a54340cc-b953-43b6-b312-9bcf746545ee;3;https://drive.google.com/uc?id=15oPqRsTuVwXyZaBcDeFgHiJkLm
d1f22eab-8a9a-44f4-a143-a6ce1e18c232;Cacao Forastero Grade B;Description of the product.;$68-$418;25;TRUE;754;571;95a8e826-0742-4e7e-8e3b-ac89064bf023;379;https://drive.google.com/uc?id=15oPqRsTuVwXyZaBcDeFgHiJkLm
bddb86f7-f29c-4bb2-87d8-19a5928fcd54;Cacao Trinitario Grade B;Description of the product.;$95-$296;78;FALSE;514;230;94534bbb-46f8-41e5-b53f-41ab46ec34de;407;https://drive.google.com/uc?id=8hIjKlMnOpQrStUvWxYzAbCdEfG
e9d68755-a06a-4283-83ed-df8881ac25b9;Coffee Java Grade 5;Description of the product.;$87-$115;95;FALSE;626;313;67200444-5841-465b-a608-0ea3b5e43614;481;https://drive.google.com/uc?id=12lMnOpQrStUvWxYzAbCdEfGhIj
b1ee7ac3-8695-46f4-9e0a-52b657d87459;Coffee Kintamani Grade 1;Description of the product.;$96-$353;6;FALSE;357;18;397685a2-f20e-4db4-8030-96ca7bd8810a;297;https://drive.google.com/uc?id=13mNoPqRsTuVwXyZaBcDeFgHiJk
a4c01501-4f55-4a61-8e04-66995c70be89;Wood Veneer;Description of the product.;$81-$314;87;FALSE;325;935;9c167db5-1447-4cd9-9fbd-d200ac360bda;120;https://drive.google.com/uc?id=3cDeFgHiJkLmNoPqRsTuVwXyZaB
3e1715a0-b256-4fa5-86a6-77d51ff8c340;Wood Carvings;Description of the product.;$18-$250;24;FALSE;132;509;c937ebde-d95a-4779-94ae-9536497753d3;251;https://drive.google.com/uc?id=6fGhIjKlMnOpQrStUvWxYzAbCdE
94a08b1e-1183-4313-a8b5-394102204fce;Wood Plywood;Description of the product.;$25-$248;60;FALSE;426;462;cb3e0d82-5632-4a98-bb26-366b25ccb7bd;94;https://drive.google.com/uc?id=2bCdEfGhIjKlMnOpQrStUvWxYzA
b74fef04-4afb-4cca-90cc-4a73812974ac;Coffee Liberica Grade 2;Description of the product.;$13-$499;36;FALSE;809;753;94d4814f-6eda-439a-9bcc-1a0bbf708008;388;https://drive.google.com/uc?id=18rStUvWxYzAbCdEfGhIjKlMnOp
8545512c-25c1-443a-90fe-3bf7771b2289;Cacao Criollo Grade C;Description of the product.;$64-$161;34;TRUE;984;483;ca4f4954-2864-4a5f-8758-a5bccc7b7474;296;https://drive.google.com/uc?id=16pQrStUvWxYzAbCdEfGhIjKlMn
63adc5fd-6c10-4be4-a7d1-223c99c7e60c;Coffee Lini S Grade 6;Description of the product.;$11-$197;55;FALSE;162;212;9a5bd097-8f33-4c99-abd1-cf5e84c3ed6f;153;https://drive.google.com/uc?id=20tUvWxYzAbCdEfGhIjKlMnOpQr
ddcdca6d-06ac-4151-bffd-480960183457;Coffee Flores Bajawa Grade 3;Description of the product.;$45-$181;28;FALSE;191;579;9fe82a77-32fc-42e2-bcf0-6178af5580c7;347;https://drive.google.com/uc?id=3cDeFgHiJkLmNoPqRsTuVwXyZaB
ca2fc477-588b-4d7f-b861-65c8902fb748;Cacao Trinitario Grade B;Description of the product.;$84-$415;14;TRUE;286;100;feaa969d-dd2a-4ed3-847f-9b757a2ec505;356;https://drive.google.com/uc?id=7gHiJkLmNoPqRsTuVwXyZaBcDeF
0da38f6f-d2ba-4520-b111-9f04b7c83148;Coffee Mandheling Grade 3;Description of the product.;$21-$287;71;TRUE;151;752;6f5d046e-569d-4fc6-8a91-d1deb0a8f98f;242;https://drive.google.com/uc?id=20tUvWxYzAbCdEfGhIjKlMnOpQr
81618371-0245-43c2-852c-16892dd29047;Cacao Kerinci Grade A;Description of the product.;$100-$312;63;FALSE;162;641;2c329058-bae0-4319-b667-fbb41880d4c6;487;https://drive.google.com/uc?id=17qRsTuVwXyZaBcDeFgHiJkLmNo
e4b33d2b-b4c8-4879-8c7f-8fa855767b32;Coffee Gayo Grade 2;Description of the product.;$41-$170;51;FALSE;854;353;357fbeb0-585b-4e6c-b09c-11afade543be;347;https://drive.google.com/uc?id=11kLmNoPqRsTuVwXyZaBcDeFgHi
59e1c4b6-b83a-444c-8881-742dcf1a3555;Cacao Forastero Grade C;Description of the product.;$48-$327;25;FALSE;294;592;f41e3d2f-6453-4ddf-b62b-19bc5c7d7f1d;115;https://drive.google.com/uc?id=6fGhIjKlMnOpQrStUvWxYzAbCdE
e6cf0250-70d3-4384-93be-1cef0b2a884b;Coffee Lini S Grade 4b;Description of the product.;$36-$202;3;TRUE;693;978;073083dc-cfec-4b70-9246-925842fb6d68;278;https://drive.google.com/uc?id=8hIjKlMnOpQrStUvWxYzAbCdEfG
40309e87-6838-4dcc-bbac-0bea5454dcca;Coffee Arabica Grade 1;Description of the product.;$51-$459;28;TRUE;214;918;3ea1e982-7af9-4bf3-9850-55a220b78967;175;https://drive.google.com/uc?id=11kLmNoPqRsTuVwXyZaBcDeFgHi
d5b39bbe-2e63-44be-bfc0-09278917571b;Coffee Toraja Grade 5;Description of the product.;$83-$391;22;TRUE;180;82;ecf64a70-0fa0-4483-9b85-9edd80135c99;25;https://drive.google.com/uc?id=14nOpQrStUvWxYzAbCdEfGhIjKl
6bd72a96-d07c-4363-ae76-ad5167f92fdc;Wood Flooring;Description of the product.;$25-$423;1;FALSE;687;303;923eba0f-467a-4c49-95e4-12906401875d;194;https://drive.google.com/uc?id=6fGhIjKlMnOpQrStUvWxYzAbCdE
ade2db11-abf3-443c-8780-ba7fe088fde6;Coffee Flores Bajawa Grade 5;Description of the product.;$84-$465;10;FALSE;630;962;401dcbc7-fdcf-470e-bc1f-fbf8c9fb6919;331;https://drive.google.com/uc?id=8hIjKlMnOpQrStUvWxYzAbCdEfG
ac515fcb-e182-42ab-bbd0-00719cdcea31;Wood Veneer;Description of the product.;$43-$467;13;FALSE;105;820;70e7e614-f4d6-4dac-b7ab-4fa465555cc9;113;https://drive.google.com/uc?id=13mNoPqRsTuVwXyZaBcDeFgHiJk
5b8ee42e-0ba6-49a5-9a22-1d4cb2d42a58;Coffee Gayo Grade 6;Description of the product.;$53-$224;51;FALSE;476;802;482a4df2-e335-4172-9aed-1b32ee3b27db;402;https://drive.google.com/uc?id=9iJkLmNoPqRsTuVwXyZaBcDeFgH
9c9b4d45-5c5a-47af-8965-925d32eb1cd9;Wood Paneling;Description of the product.;$90-$132;64;FALSE;523;137;30049b98-b34f-4c13-a086-f91b9a42c0db;357;https://drive.google.com/uc?id=2bCdEfGhIjKlMnOpQrStUvWxYzA
f7d94af9-7453-4a40-9add-5f0db4a2b59d;Cacao Amelonado Grade A;Description of the product.;$22-$163;1;FALSE;189;959;919ccec2-2cb7-4dcc-9ad3-2cae1e818ac7;133;https://drive.google.com/uc?id=15oPqRsTuVwXyZaBcDeFgHiJkLm
fc3df46b-67d7-4142-ae2e-db0873406890;Cacao Criollo Grade C;Description of the product.;$65-$455;53;TRUE;320;253;00e029e1-0693-4223-bc23-5aeb987e49a7;448;https://drive.google.com/uc?id=14nOpQrStUvWxYzAbCdEfGhIjKl
2bc054e9-a6d9-42bd-aef8-82d161917e54;Wood Plywood;Description of the product.;$37-$185;22;FALSE;496;935;dd831c9c-dbef-4aa3-bbf6-69407f416c74;53;https://drive.google.com/uc?id=9iJkLmNoPqRsTuVwXyZaBcDeFgH
115449dd-a8e9-4339-a7c8-e58e6d093fc3;Coffee Gayo Grade 5;Description of the product.;$58-$147;85;TRUE;600;317;88cae61c-d95d-41ee-801a-06d014a2320b;306;https://drive.google.com/uc?id=7gHiJkLmNoPqRsTuVwXyZaBcDeF
81e89c6e-013c-4c93-b7a8-7b410d111182;Cacao Nacional Grade A;Description of the product.;$21-$394;1;TRUE;116;527;86fc904d-c18f-4bef-b332-ad4c0765cbd7;346;https://drive.google.com/uc?id=12lMnOpQrStUvWxYzAbCdEfGhIj
6e36f98a-c0ad-48f5-a403-2b226e291b37;Wood Furniture;Description of the product.;$85-$139;28;TRUE;700;517;6e394836-f198-432a-a8d9-7e6ba0202014;321;https://drive.google.com/uc?id=4dEfGhIjKlMnOpQrStUvWxYzAbC
9c231279-20bb-44d9-8c0d-6b3d963b2307;Coffee Kintamani Grade 6;Description of the product.;$50-$273;15;FALSE;206;505;8d06aa3c-7088-4469-ba10-ecfee6142810;54;https://drive.google.com/uc?id=18rStUvWxYzAbCdEfGhIjKlMnOp
b372a194-0e30-46f3-a16a-22d056082f66;Coffee Lini S Grade 1;Description of the product.;$24-$417;42;TRUE;891;255;1d339262-00a8-463a-8596-bc94cb45cb54;474;https://drive.google.com/uc?id=13mNoPqRsTuVwXyZaBcDeFgHiJk
4d3fa5ef-69ce-4e22-9219-8fda88b6e47a;Cacao Nacional Grade A;Description of the product.;$65-$457;93;TRUE;776;71;f5e892ff-9db8-46ed-900a-ec9f94c44985;332;https://drive.google.com/uc?id=5eFgHiJkLmNoPqRsTuVwXyZaBcD
07179c01-5315-49aa-b0da-c637eb2df649;Coffee Kintamani Grade 4a;Description of the product.;$58-$325;73;FALSE;321;485;29d5a408-97b1-4a21-9a27-855292932b14;357;https://drive.google.com/uc?id=2bCdEfGhIjKlMnOpQrStUvWxYzA
09f63295-dc72-4218-bda6-d3abf91d1596;Cacao Amelonado Grade A;Description of the product.;$20-$482;8;FALSE;762;467;be8fc548-51a9-4a0d-96e8-d48ade59060d;44;https://drive.google.com/uc?id=16pQrStUvWxYzAbCdEfGhIjKlMn
3088975c-89de-4137-8133-4989e892535e;Coffee Lini S Grade 6;Description of the product.;$76-$374;64;TRUE;654;806;2b28c5d1-3551-4e64-b059-c85f904f27f5;332;https://drive.google.com/uc?id=15oPqRsTuVwXyZaBcDeFgHiJkLm
d447096e-f9f1-43f6-8517-d900a71c214c;Wood Furniture;Description of the product.;$35-$325;91;FALSE;611;42;7ed26c28-ca53-4b94-a0b0-2bc3ca2d367f;208;https://drive.google.com/uc?id=17qRsTuVwXyZaBcDeFgHiJkLmNo
e31d736b-132e-433d-a094-9b667c7ab7c4;Cacao Trinitario Grade B;Description of the product.;$67-$114;90;TRUE;264;718;b5717427-2fd5-4500-a287-0ad060244bfb;296;https://drive.google.com/uc?id=15oPqRsTuVwXyZaBcDeFgHiJkLm
a8a18b84-6cf3-4c34-b6f5-278bc03cd8e0;Coffee Java Grade 1;Description of the product.;$54-$265;26;TRUE;230;770;2bb6a50e-8425-4a4c-a61f-8a52908cabd8;98;https://drive.google.com/uc?id=10jKlMnOpQrStUvWxYzAbCdEfGh
734b7267-b0a1-4262-8a72-ea5ee16a10d6;Cacao Forastero Grade C;Description of the product.;$54-$178;70;FALSE;465;525;92bc02a6-d620-4669-8faa-4b8081da61cd;433;https://drive.google.com/uc?id=2bCdEfGhIjKlMnOpQrStUvWxYzA
e852101f-621c-4702-bc4d-795263f97f15;Cacao Nacional Grade C;Description of the product.;$26-$421;87;TRUE;508;30;15acae0a-b086-4d43-b301-6d8d27642f5f;62;https://drive.google.com/uc?id=4dEfGhIjKlMnOpQrStUvWxYzAbC
002d58d0-1473-418f-80bd-48b45e0e7d9f;Wood Decking;Description of the product.;$14-$424;51;TRUE;739;445;3b2a0d58-52d0-4b81-99f8-d1f7b0dd0ca9;437;https://drive.google.com/uc?id=5eFgHiJkLmNoPqRsTuVwXyZaBcD
91a5ea30-00ef-481b-b33a-7e1ae33e5bd5;Wood Decking;Description of the product.;$92-$191;89;FALSE;545;915;44aff78d-8742-41af-982d-b78362fff8c8;129;https://drive.google.com/uc?id=12lMnOpQrStUvWxYzAbCdEfGhIj
4a47b549-5bce-4e37-92ec-0192910d3f95;Wood Flooring;Description of the product.;$87-$475;16;TRUE;661;374;a9ebc9b6-f125-4a0f-b2c4-876d68440ee3;410;https://drive.google.com/uc?id=5eFgHiJkLmNoPqRsTuVwXyZaBcD
3868d55e-2128-484a-b051-3ceb54098be0;Cacao Trinitario Grade A;Description of the product.;$35-$246;95;TRUE;767;710;1bfb93a7-076d-4458-8cd8-f565324c255d;9;https://drive.google.com/uc?id=1aBcDeFgHiJkLmNoPqRsTuVwXyZ
cec5af3d-c8f9-452a-80fb-2425bf2c9890;Cacao Forastero Grade A;Description of the product.;$69-$190;59;TRUE;742;457;6c693d33-b189-419c-8dbc-cc1d9a54fa24;59;https://drive.google.com/uc?id=11kLmNoPqRsTuVwXyZaBcDeFgHi
8cbda6a0-b499-4f9f-9c90-a09de3bf2dad;Coffee Lini S Grade 5;Description of the product.;$13-$447;87;FALSE;801;856;8a45d3b8-fee2-4afa-ae29-b0e1acd7b481;233;https://drive.google.com/uc?id=9iJkLmNoPqRsTuVwXyZaBcDeFgH
56f24590-ba15-4ec6-ad6e-761dc6cecce1;Wood Flooring;Description of the product.;$100-$432;10;FALSE;318;34;6c1afe17-a595-466e-a218-1d861752fdc1;2;https://drive.google.com/uc?id=15oPqRsTuVwXyZaBcDeFgHiJkLm
d40c5629-5097-427f-869f-ea4f2fe6bcb2;Coffee Gayo Grade 6;Description of the product.;$55-$139;5;TRUE;690;572;9cb33eee-8ce0-4ffb-83d5-27f0d46d5a8a;222;https://drive.google.com/uc?id=8hIjKlMnOpQrStUvWxYzAbCdEfG
91ebd76b-e644-4220-977b-a053bb82dc91;Wood Veneer;Description of the product.;$94-$172;91;TRUE;406;126;cc54b419-3f7a-4de8-91d6-f8c3e9c5af82;239;https://drive.google.com/uc?id=11kLmNoPqRsTuVwXyZaBcDeFgHi
47621224-c156-4393-8bb3-ab253609b9c4;Coffee Arabica Grade 3;Description of the product.;$11-$421;42;FALSE;729;146;a1433fab-87f1-4471-bc52-4db023bcb345;331;https://drive.google.com/uc?id=17qRsTuVwXyZaBcDeFgHiJkLmNo
696ac03d-f5b7-4278-8a82-e7a3281912aa;Cacao Kerinci Grade A;Description of the product.;$85-$492;59;FALSE;613;501;3741f40b-7ac8-48d4-959b-4fd3ff7599c7;455;https://drive.google.com/uc?id=12lMnOpQrStUvWxYzAbCdEfGhIj
e60ad7da-16df-4ae0-9211-c4a26b4050e0;Wood Sculpture;Description of the product.;$21-$388;1;TRUE;667;457;fe441fca-bb02-47ef-8c1a-542e4fa39508;158;https://drive.google.com/uc?id=19sTuVwXyZaBcDeFgHiJkLmNoPq
ffead4d8-8857-4ce3-a969-2e8b88f3d967;Cacao Kerinci Grade A;Description of the product.;$36-$350;20;FALSE;990;306;622a06e7-706f-4471-aa8f-14b6981c3b3a;300;https://drive.google.com/uc?id=10jKlMnOpQrStUvWxYzAbCdEfGh
dbc02d01-c507-44d6-a58e-e7f338655d4e;Coffee Mandheling Grade 2;Description of the product.;$72-$298;86;FALSE;387;269;5e4760f3-1d9a-48d2-8662-f27f1405dd79;288;https://drive.google.com/uc?id=18rStUvWxYzAbCdEfGhIjKlMnOp
7b193acb-11b0-45bb-85fb-46aeec07671d;Coffee Toraja Grade 4b;Description of the product.;$28-$248;43;TRUE;724;858;8ab959f1-56cc-476f-ab04-b652dd236fdc;16;https://drive.google.com/uc?id=16pQrStUvWxYzAbCdEfGhIjKlMn
f58d0295-2ef2-4354-8941-ef5fe2a03aea;Coffee Robusta Grade 4b;Description of the product.;$85-$496;50;TRUE;225;704;093bee89-a693-4902-a23b-51c1fba4685a;15;https://drive.google.com/uc?id=5eFgHiJkLmNoPqRsTuVwXyZaBcD
3d86b399-ee6f-43ad-8ab4-efdd1fae4840;Wood Veneer;Description of the product.;$72-$263;95;TRUE;486;112;f0d819b8-cf2e-478e-b227-ea62f5b12f9b;136;https://drive.google.com/uc?id=14nOpQrStUvWxYzAbCdEfGhIjKl
9be15451-ade1-48e1-abc0-0cd15353b198;Coffee Lini S Grade 6;Description of the product.;$98-$252;94;TRUE;122;552;40d3fa9a-ab3e-465d-b7da-02cbb2289693;229;https://drive.google.com/uc?id=3cDeFgHiJkLmNoPqRsTuVwXyZaB
b96fccc4-b132-47b2-a583-168b7d90b7fd;Wood Plywood;Description of the product.;$52-$352;40;FALSE;437;422;3ca315ec-a6ff-40e2-905b-6f3a8a019eea;156;https://drive.google.com/uc?id=10jKlMnOpQrStUvWxYzAbCdEfGh
cd850c75-51f3-4f39-ad02-b71e4a6d5126;Coffee Java Grade 5;Description of the product.;$65-$163;63;TRUE;915;617;103258e2-6618-461e-906e-9b94a993aff8;419;https://drive.google.com/uc?id=11kLmNoPqRsTuVwXyZaBcDeFgHi
26ecb3bb-fa62-4418-8fbe-4ecb640bd178;Wood Decking;Description of the product.;$77-$286;30;FALSE;734;945;a76b8cb3-8383-40f0-9173-f5de03e6a0c5;134;https://drive.google.com/uc?id=8hIjKlMnOpQrStUvWxYzAbCdEfG
31ac12ac-6363-49d1-91ce-718b8f28a78d;Cacao Forastero Grade A;Description of the product.;$20-$146;29;TRUE;462;2;3f0a8adb-4679-414f-9a73-f7bf234c597e;27;https://drive.google.com/uc?id=5eFgHiJkLmNoPqRsTuVwXyZaBcD
bab43d01-6542-42cd-852d-68209afc800d;Wood Furniture;Description of the product.;$37-$162;64;TRUE;287;344;62300a5e-1e1a-45fc-9b9f-21a260c0dc00;4;https://drive.google.com/uc?id=14nOpQrStUvWxYzAbCdEfGhIjKl
5743ebd0-eb33-4869-ac7a-fafc1135d601;Coffee Liberica Grade 6;Description of the product.;$86-$210;54;TRUE;298;731;212bda9c-59da-474e-8fcb-52b74f8461b6;15;https://drive.google.com/uc?id=7gHiJkLmNoPqRsTuVwXyZaBcDeF
ff9516d8-e7f0-4eb7-bba8-4c8a2cfccc2f;Cacao Amelonado Grade C;Description of the product.;$61-$362;88;FALSE;707;899;16ce3dff-ca19-4c6c-8b05-42eb9a6ef416;381;https://drive.google.com/uc?id=15oPqRsTuVwXyZaBcDeFgHiJkLm
c7dbb6c2-f21d-4fa8-b740-acc9b606b60a;Coffee Gayo Grade 4a;Description of the product.;$34-$342;99;TRUE;464;459;1414063e-7bf3-4751-96c4-e02b0f53e9df;140;https://drive.google.com/uc?id=18rStUvWxYzAbCdEfGhIjKlMnOp
9b3cb9c9-13ce-4b04-b423-12e1d26509bb;Wood Lumber;Description of the product.;$54-$364;47;FALSE;965;191;3d8e9aaf-8929-4729-9661-99bfbc922ae2;365;https://drive.google.com/uc?id=20tUvWxYzAbCdEfGhIjKlMnOpQr
8fa11302-98ca-405d-8422-a2cb68df8cc2;Cacao Trinitario Grade A;Description of the product.;$45-$279;64;FALSE;646;684;c4ae3d9e-03d7-4c3c-bdcc-0cb09336fe40;9;https://drive.google.com/uc?id=3cDeFgHiJkLmNoPqRsTuVwXyZaB
3d993a44-6358-4c50-a0ab-dc597cde45f7;Cacao Bali Grade C;Description of the product.;$14-$187;23;TRUE;100;757;ca34b232-4c3f-40f8-add0-876dc8255f40;427;https://drive.google.com/uc?id=6fGhIjKlMnOpQrStUvWxYzAbCdE
7c332230-2401-480d-85bb-2557422fa115;Cacao Nacional Grade A;Description of the product.;$85-$115;40;FALSE;788;426;7200376c-7b38-4e02-8a42-88cb7593a95e;26;https://drive.google.com/uc?id=8hIjKlMnOpQrStUvWxYzAbCdEfG
f0b59129-1609-43e7-887e-9bfb73c9b971;Coffee Lini S Grade 4b;Description of the product.;$78-$188;63;FALSE;433;35;1942cc40-0765-4395-9e05-f47ef8570fde;353;https://drive.google.com/uc?id=14nOpQrStUvWxYzAbCdEfGhIjKl
a3ac180b-4ae3-401e-ad00-3975b3b17c91;Wood Plywood;Description of the product.;$26-$336;88;TRUE;401;858;2387e651-eb1d-4536-9666-613da28fd495;201;https://drive.google.com/uc?id=10jKlMnOpQrStUvWxYzAbCdEfGh
bd92180b-0b57-4fa7-bb00-b34ca27e460a;Cacao Forastero Grade B;Description of the product.;$85-$309;97;TRUE;397;505;55e94b9e-1ee1-48a9-b939-bec05228fda5;85;https://drive.google.com/uc?id=17qRsTuVwXyZaBcDeFgHiJkLmNo
eae85b7d-ffb0-46ae-8393-3815bf236efe;Cacao Criollo Grade B;Description of the product.;$93-$412;77;TRUE;813;487;e47cf065-f040-4321-af81-211488837e49;192;https://drive.google.com/uc?id=3cDeFgHiJkLmNoPqRsTuVwXyZaB
a6962747-aaa4-42b2-a6db-4e607045b1f8;Wood Paneling;Description of the product.;$35-$155;7;TRUE;199;36;0e42c1a4-a07e-4880-bf0b-e548e9dc255e;130;https://drive.google.com/uc?id=18rStUvWxYzAbCdEfGhIjKlMnOp
8d7c5a2b-e32e-40f6-a83b-d064017768d7;Wood Flooring;Description of the product.;$92-$133;33;FALSE;191;464;fde20377-33f7-458b-94fe-40c413f00861;381;https://drive.google.com/uc?id=10jKlMnOpQrStUvWxYzAbCdEfGh
2493bf63-46eb-4e79-825c-c891b48c0c0b;Coffee Robusta Grade 2;Description of the product.;$43-$227;30;FALSE;454;519;9a9585de-e11c-44b0-b1e1-9b0624da8b30;280;https://drive.google.com/uc?id=18rStUvWxYzAbCdEfGhIjKlMnOp
fe67e811-987c-410e-861e-eb6f5cf7e2b0;Coffee Liberica Grade 4b;Description of the product.;$51-$309;100;TRUE;730;744;d9ee322f-11c8-445a-bc0a-eb11e97f6661;431;https://drive.google.com/uc?id=1aBcDeFgHiJkLmNoPqRsTuVwXyZ
00760da8-798e-4a9c-b544-10216d4247a5;Cacao Kerinci Grade C;Description of the product.;$26-$209;92;TRUE;770;169;75cd9cc7-c5b9-4e9e-96d2-9c3dbc7b6643;107;https://drive.google.com/uc?id=17qRsTuVwXyZaBcDeFgHiJkLmNo
99b5f154-9b86-4bda-9f81-0132426a244f;Coffee Liberica Grade 4a;Description of the product.;$76-$268;37;TRUE;117;658;07dabef6-34ff-4e77-bbcc-8466aa80446a;35;https://drive.google.com/uc?id=7gHiJkLmNoPqRsTuVwXyZaBcDeF
d52c24d1-73f7-43fe-a612-785f00a7c7d4;Cacao Kerinci Grade B;Description of the product.;$42-$158;89;TRUE;881;579;4042f44d-d075-4508-81b2-44c0ed4bd80d;476;https://drive.google.com/uc?id=9iJkLmNoPqRsTuVwXyZaBcDeFgH
1bf99a03-c72e-44b7-8442-f97d053edfe1;Wood Plywood;Description of the product.;$69-$372;9;FALSE;140;781;a5752c51-a93b-46d5-b1f9-0524570d2c40;439;https://drive.google.com/uc?id=13mNoPqRsTuVwXyZaBcDeFgHiJk
7c19071d-4c1e-43ed-966a-69c741320ed4;Wood Paneling;Description of the product.;$56-$287;72;TRUE;122;559;7764a403-3967-479b-be7e-05c09f121de6;65;https://drive.google.com/uc?id=1aBcDeFgHiJkLmNoPqRsTuVwXyZ
eef0ca1b-aee4-4ba6-85eb-e54c3d8e3b66;Wood Carvings;Description of the product.;$42-$180;50;FALSE;843;177;f0dd67df-c8d4-4389-9d5e-d437d07d255d;374;https://drive.google.com/uc?id=13mNoPqRsTuVwXyZaBcDeFgHiJk
9394e8f4-9b98-4c4c-9fdc-1d9743202933;Coffee Java Grade 3;Description of the product.;$47-$433;48;FALSE;604;899;8c589d87-953b-43a0-9219-265df0638bda;80;https://drive.google.com/uc?id=6fGhIjKlMnOpQrStUvWxYzAbCdE
5d7e3eec-034a-454e-9058-b76a6dcb0156;Cacao Trinitario Grade B;Description of the product.;$96-$480;55;TRUE;490;857;c05d41d1-a565-4ca6-94d1-e5da3bda3396;28;https://drive.google.com/uc?id=16pQrStUvWxYzAbCdEfGhIjKlMn
75fff45a-5537-44ef-90c3-cff1995a5df6;Cacao Forastero Grade C;Description of the product.;$22-$393;73;FALSE;295;463;34c07510-f08d-4c44-b3d6-9c7d6d6a1c70;34;https://drive.google.com/uc?id=14nOpQrStUvWxYzAbCdEfGhIjKl
9eb6769e-d436-4389-b17d-57521561904e;Wood Veneer;Description of the product.;$77-$144;70;TRUE;118;613;00cdeb8b-9743-43cc-a38a-f40e25e0f43e;208;https://drive.google.com/uc?id=6fGhIjKlMnOpQrStUvWxYzAbCdE
cc41b6a3-08e0-4df5-80e4-a8866465ca73;Wood Sculpture;Description of the product.;$17-$182;89;TRUE;335;471;75e3e08b-d1ff-4ba0-8b23-17ac6fd63d30;457;https://drive.google.com/uc?id=10jKlMnOpQrStUvWxYzAbCdEfGh
eab62d9f-07da-41ab-8044-9dde827a28d8;Cacao Criollo Grade A;Description of the product.;$75-$207;80;FALSE;726;766;95ac6cdf-828d-46e2-8356-db610f46588e;212;https://drive.google.com/uc?id=7gHiJkLmNoPqRsTuVwXyZaBcDeF
5ccbf3c9-5828-48eb-9932-8cd1e44b0653;Coffee Liberica Grade 1;Description of the product.;$92-$256;73;FALSE;422;343;c1b1341b-1735-4d13-b9df-750a10abdbc1;254;https://drive.google.com/uc?id=3cDeFgHiJkLmNoPqRsTuVwXyZaB
7cc61bad-7c37-42c4-b7a9-2b8fbc0a5b9d;Cacao Forastero Grade B;Description of the product.;$55-$290;24;TRUE;557;952;e3f76edc-bca2-4c66-a19d-de761c4e61a5;388;https://drive.google.com/uc?id=8hIjKlMnOpQrStUvWxYzAbCdEfG
86753016-8337-45be-b16d-284b30b336df;Coffee Liberica Grade 1;Description of the product.;$83-$164;20;FALSE;366;244;205ed2e2-cb5c-4bfb-817e-e94a2bdc3c03;162;https://drive.google.com/uc?id=15oPqRsTuVwXyZaBcDeFgHiJkLm
59153415-428c-4a29-8353-8fea10169492;Cacao Amelonado Grade A;Description of the product.;$33-$249;54;FALSE;187;530;a7fa7c97-51d6-4f7d-9e27-8856906880e3;76;https://drive.google.com/uc?id=3cDeFgHiJkLmNoPqRsTuVwXyZaB
fd38d53f-2ed6-4ead-8b21-402771b1f7a8;Cacao Bali Grade C;Description of the product.;$68-$196;11;TRUE;676;244;ebfa63c2-9902-456a-be98-bb1d6af2fbde;262;https://drive.google.com/uc?id=6fGhIjKlMnOpQrStUvWxYzAbCdE
aa181c5e-159d-4587-b226-4c9f9943c3e6;Coffee Flores Bajawa Grade 4b;Description of the product.;$97-$216;88;TRUE;913;138;cc54121a-b768-4dcd-b043-a573d1c3c8f0;273;https://drive.google.com/uc?id=3cDeFgHiJkLmNoPqRsTuVwXyZaB
6c91f706-5c99-4d8d-b272-960a3cd673f6;Coffee Arabica Grade 3;Description of the product.;$54-$218;39;FALSE;739;276;225fca54-6272-4535-ba4b-4edf440350db;377;https://drive.google.com/uc?id=8hIjKlMnOpQrStUvWxYzAbCdEfG
3e23316b-de57-422b-8e34-428636082953;Wood Lumber;Description of the product.;$46-$499;35;TRUE;627;881;b0896613-162c-40e7-91d3-3b45174db8e6;390;https://drive.google.com/uc?id=15oPqRsTuVwXyZaBcDeFgHiJkLm
bcd0a217-1584-40eb-8426-e6ecd30151fa;Wood Paneling;Description of the product.;$93-$165;52;FALSE;627;485;4ce4d558-477e-467b-ab27-da44af773dbb;453;https://drive.google.com/uc?id=2bCdEfGhIjKlMnOpQrStUvWxYzA
743d29e5-4fc2-4d22-9aaf-bf0bb21986fc;Wood Decking;Description of the product.;$42-$189;29;TRUE;821;370;3e0589bc-e4ea-43a7-9951-20c5b79a10ac;28;https://drive.google.com/uc?id=7gHiJkLmNoPqRsTuVwXyZaBcDeF
86223b6b-8754-4944-afa2-8a10bad56318;Wood Lumber;Description of the product.;$18-$342;29;FALSE;884;86;3987bfa9-c8bc-4737-8293-5886a82393bf;36;https://drive.google.com/uc?id=13mNoPqRsTuVwXyZaBcDeFgHiJk
7668ea3f-d07b-4f09-9876-6d9859f75732;Wood Furniture;Description of the product.;$71-$140;68;TRUE;793;588;5f4efbb8-d5c7-4c6b-9bfc-006113deb010;295;https://drive.google.com/uc?id=4dEfGhIjKlMnOpQrStUvWxYzAbC
445b4ab5-037a-4099-9f72-b8e6638e57ae;Wood Veneer;Description of the product.;$21-$169;74;FALSE;529;515;b45cf237-9ecf-4736-9516-e0e0fdd4db65;77;https://drive.google.com/uc?id=1aBcDeFgHiJkLmNoPqRsTuVwXyZ
946b963f-1185-4844-8df1-59fc2c1d250b;Wood Furniture;Description of the product.;$96-$470;6;TRUE;349;717;24a16c68-d349-4486-8041-2e8aee8fce2b;203;https://drive.google.com/uc?id=8hIjKlMnOpQrStUvWxYzAbCdEfG
f1639569-037e-4062-8450-1620b722342f;Wood Veneer;Description of the product.;$12-$490;20;TRUE;591;407;253e6047-4719-4e93-9782-170557453efd;460;https://drive.google.com/uc?id=3cDeFgHiJkLmNoPqRsTuVwXyZaB
c60139b8-0ec8-4e65-807a-008babbcfb40;Cacao Bali Grade C;Description of the product.;$93-$401;25;TRUE;837;648;5100436c-3374-433b-8fce-f08ed3d476f4;474;https://drive.google.com/uc?id=6fGhIjKlMnOpQrStUvWxYzAbCdE
99eac388-e9df-4701-8e9c-efe6d13fe462;Coffee Kintamani Grade 6;Description of the product.;$72-$269;63;FALSE;897;848;fc82c9ac-7f9f-4bf0-a16c-43e387c0afd1;370;https://drive.google.com/uc?id=8hIjKlMnOpQrStUvWxYzAbCdEfG
c8254674-4e72-402e-8730-8289693c8c31;Coffee Robusta Grade 3;Description of the product.;$89-$117;90;TRUE;726;692;e7c8f619-8c6b-489a-b58f-c01318fefd68;98;https://drive.google.com/uc?id=10jKlMnOpQrStUvWxYzAbCdEfGh
3c7d6e97-e30f-45ac-94a2-2938770e389b;Wood Flooring;Description of the product.;$47-$468;69;FALSE;670;357;7d8180da-9227-4bc7-8be9-fe8d8317285f;35;https://drive.google.com/uc?id=9iJkLmNoPqRsTuVwXyZaBcDeFgH
2d7b6e93-bb3c-4e03-9892-654f9a0b2cb7;Coffee Java Grade 3;Description of the product.;$68-$419;50;FALSE;397;400;77cb48fb-b8ab-49de-9b73-bd10714394a7;404;https://drive.google.com/uc?id=9iJkLmNoPqRsTuVwXyZaBcDeFgH
3878b61e-8993-4ccf-b5c7-753e8071a76c;Coffee Lini S Grade 4a;Description of the product.;$95-$169;81;FALSE;574;490;4c0200e7-3236-4c36-8521-27ba5474beea;12;https://drive.google.com/uc?id=18rStUvWxYzAbCdEfGhIjKlMnOp
b4ea9f26-d7b8-45ea-91ad-312191c5dfed;Cacao Trinitario Grade A;Description of the product.;$83-$174;33;FALSE;203;389;c7f36fcf-8dcf-45a1-9735-5fc2c2b73724;0;https://drive.google.com/uc?id=11kLmNoPqRsTuVwXyZaBcDeFgHi
8caef1f6-4aba-449a-b00c-fb9401d5abcb;Wood Veneer;Description of the product.;$61-$110;12;TRUE;729;824;d594269e-414e-46ac-b9df-366c32a8513f;196;https://drive.google.com/uc?id=12lMnOpQrStUvWxYzAbCdEfGhIj
31c95af8-4344-4167-8c65-85708da8536a;Coffee Toraja Grade 3;Description of the product.;$82-$183;71;FALSE;154;292;52160be6-e7aa-4a33-a076-4cd0e457fef8;356;https://drive.google.com/uc?id=14nOpQrStUvWxYzAbCdEfGhIjKl
ed670db8-e227-4373-8cda-3a40e6f2976f;Coffee Flores Bajawa Grade 1;Description of the product.;$91-$312;85;TRUE;972;955;82fd64fb-1810-4687-91de-dbe993274a16;137;https://drive.google.com/uc?id=1aBcDeFgHiJkLmNoPqRsTuVwXyZ
8dc440c3-c6d0-4cb4-a740-83133ea60388;Coffee Gayo Grade 5;Description of the product.;$87-$208;9;TRUE;146;431;f60c332e-5702-4247-b5fb-9344dfee9fec;117;https://drive.google.com/uc?id=5eFgHiJkLmNoPqRsTuVwXyZaBcD
6aff2d45-e66f-4ea4-948c-12d81fc69945;Wood Lumber;Description of the product.;$37-$311;70;FALSE;263;604;41d426c1-f25c-476f-a219-267705468e95;17;https://drive.google.com/uc?id=5eFgHiJkLmNoPqRsTuVwXyZaBcD
f1fb4b97-6043-4310-b9d9-8e162dea5f2b;Coffee Toraja Grade 6;Description of the product.;$73-$275;53;FALSE;424;219;4f1ee5a4-c7f7-4981-8d2c-5e4d70fa33e3;416;https://drive.google.com/uc?id=5eFgHiJkLmNoPqRsTuVwXyZaBcD
293174da-955e-42f5-b181-23d9452cf7f5;Coffee Flores Bajawa Grade 3;Description of the product.;$28-$459;67;TRUE;888;900;9a7ef0f1-cea2-46f0-a4d2-1f9394eba1f6;453;https://drive.google.com/uc?id=2bCdEfGhIjKlMnOpQrStUvWxYzA
9583bd3f-dd19-4c6b-91dd-58ae86791668;Coffee Flores Bajawa Grade 2;Description of the product.;$94-$138;28;FALSE;373;622;dbf50fdd-abb0-49b3-88b2-28f5994a3392;15;https://drive.google.com/uc?id=5eFgHiJkLmNoPqRsTuVwXyZaBcD
0b776230-143b-4756-aa95-6d68ce478433;Cacao Amelonado Grade A;Description of the product.;$13-$214;4;TRUE;416;672;93b3a97b-eef6-40e1-8bfd-5c93ba18e543;428;https://drive.google.com/uc?id=11kLmNoPqRsTuVwXyZaBcDeFgHi
064d43b7-a79d-42f5-91df-047aaf2ddf5f;Wood Furniture;Description of the product.;$71-$188;70;FALSE;240;358;c7265d5a-2ed1-4d88-a2a0-f64152b2353e;113;https://drive.google.com/uc?id=16pQrStUvWxYzAbCdEfGhIjKlMn
284666b2-73f9-4d33-8866-314411a34bb0;Wood Veneer;Description of the product.;$35-$336;97;FALSE;235;467;58d865f7-1ea7-47e6-9a36-80aa2ff1ab8c;452;https://drive.google.com/uc?id=16pQrStUvWxYzAbCdEfGhIjKlMn
3c8203e5-0fc5-4e25-931c-dce0106be2a0;Wood Lumber;Description of the product.;$65-$246;48;TRUE;628;310;e3cea17a-96d0-4819-8f20-243f6a5293ec;402;https://drive.google.com/uc?id=5eFgHiJkLmNoPqRsTuVwXyZaBcD
80403f32-4190-4b4f-b5ff-0d1423d85c95;Coffee Flores Bajawa Grade 4a;Description of the product.;$15-$496;57;TRUE;652;788;15c79b8b-99d8-4a58-88ce-605b2ad694b8;116;https://drive.google.com/uc?id=14nOpQrStUvWxYzAbCdEfGhIjKl
57d34051-d956-48b0-8ef0-5d712351f84b;Coffee Flores Bajawa Grade 3;Description of the product.;$75-$301;53;FALSE;740;562;30f86b9a-b387-40e2-b6b4-2f07a354e529;454;https://drive.google.com/uc?id=18rStUvWxYzAbCdEfGhIjKlMnOp
687ec35a-a731-4823-a88c-f889d0e637a0;Cacao Kerinci Grade B;Description of the product.;$64-$441;22;TRUE;364;954;dc996f08-f8e5-4c3b-b91f-f7e53c4fe952;179;https://drive.google.com/uc?id=13mNoPqRsTuVwXyZaBcDeFgHiJk
c7723895-ffe1-416b-875e-99e265fe393c;Cacao Amelonado Grade A;Description of the product.;$75-$309;68;FALSE;397;862;61d7ac6c-c7f3-42e6-ba8c-c2b2c9d3ef51;140;https://drive.google.com/uc?id=1aBcDeFgHiJkLmNoPqRsTuVwXyZ
904d1f31-907e-4bdf-bef9-9d0e63d02bb8;Wood Sculpture;Description of the product.;$61-$428;65;TRUE;228;938;5435ef93-c6c4-47fc-9f6b-b9b764998a68;235;https://drive.google.com/uc?id=11kLmNoPqRsTuVwXyZaBcDeFgHi
028dca9a-78e7-4bbc-905b-8da21377ad99;Cacao Trinitario Grade B;Description of the product.;$14-$130;45;TRUE;398;584;88f58b7e-17a6-46a0-8c53-a2496c0ddd9c;297;https://drive.google.com/uc?id=8hIjKlMnOpQrStUvWxYzAbCdEfG
ca35cb36-c11a-4be1-b530-36e984311377;Cacao Criollo Grade B;Description of the product.;$71-$323;36;TRUE;495;344;4208e0f7-b296-48ab-98c7-572ae0350846;258;https://drive.google.com/uc?id=19sTuVwXyZaBcDeFgHiJkLmNoPq
d6919dfa-34dd-40ba-82c2-9e47b4cc91ea;Cacao Trinitario Grade B;Description of the product.;$100-$286;18;TRUE;594;302;5a640d23-e0be-4989-9ffb-0ed7503c3aa0;159;https://drive.google.com/uc?id=12lMnOpQrStUvWxYzAbCdEfGhIj
482b9174-023a-489f-aac5-da3d5fcc689e;Coffee Liberica Grade 4a;Description of the product.;$74-$435;38;TRUE;822;92;acc76888-2a2f-4cbc-93de-1e7df616fddf;383;https://drive.google.com/uc?id=17qRsTuVwXyZaBcDeFgHiJkLmNo
d458d3ed-5835-4da2-98c8-e59331d07137;Coffee Toraja Grade 2;Description of the product.;$17-$279;49;FALSE;517;512;279bfeb8-0f96-48c9-b0d0-d460b88ddd2b;16;https://drive.google.com/uc?id=4dEfGhIjKlMnOpQrStUvWxYzAbC
a008d3ba-70d6-4e63-8a70-3b76a04248b5;Coffee Gayo Grade 2;Description of the product.;$20-$317;13;TRUE;313;854;8d681a40-9253-453a-b1f2-5541cd4fcf10;220;https://drive.google.com/uc?id=9iJkLmNoPqRsTuVwXyZaBcDeFgH
586c0887-4a11-4a2c-9bc5-3c05c5aef8ee;Cacao Bali Grade B;Description of the product.;$97-$148;56;TRUE;774;863;dbd77bc3-79a7-4c64-9197-a52e2305a6c1;224;https://drive.google.com/uc?id=6fGhIjKlMnOpQrStUvWxYzAbCdE
8a628041-4743-4603-9db8-3dcc14fd1183;Cacao Criollo Grade B;Description of the product.;$86-$274;71;FALSE;355;155;4ef53167-ecbb-4d0e-baf3-5ac396c0ee82;20;https://drive.google.com/uc?id=12lMnOpQrStUvWxYzAbCdEfGhIj
3433f2d4-093d-425a-aa5a-57308c416132;Coffee Arabica Grade 6;Description of the product.;$67-$255;21;FALSE;585;262;1b682ce4-9f06-462f-b9e5-7634d07b85fc;426;https://drive.google.com/uc?id=16pQrStUvWxYzAbCdEfGhIjKlMn
671f1381-142b-4f66-bf3c-b49eb06500fc;Wood Flooring;Description of the product.;$11-$210;88;TRUE;265;216;9531d6e8-61c4-4b3b-af01-37bebdd1520a;439;https://drive.google.com/uc?id=2bCdEfGhIjKlMnOpQrStUvWxYzA
6733eb8b-85f1-4f76-8dfa-6bc9912a2baa;Cacao Kerinci Grade B;Description of the product.;$65-$150;11;FALSE;811;535;85d1f016-29dc-4e9b-8575-d2e5ae4143d3;282;https://drive.google.com/uc?id=2bCdEfGhIjKlMnOpQrStUvWxYzA
af51c661-f21f-4390-bac3-c4df747a30d3;Cacao Kerinci Grade A;Description of the product.;$28-$146;95;FALSE;846;718;d6ff733a-1746-470b-bc28-a230becc1e64;154;https://drive.google.com/uc?id=3cDeFgHiJkLmNoPqRsTuVwXyZaB
ae939ee0-7a47-4380-aa70-d2cb29f8ae1a;Wood Decking;Description of the product.;$25-$150;33;TRUE;733;331;788da70c-ae8c-4d7a-94ca-b1f157eabf15;451;https://drive.google.com/uc?id=13mNoPqRsTuVwXyZaBcDeFgHiJk
099c6a4b-f8ee-44ce-8a4d-03733182e11f;Wood Carvings;Description of the product.;$46-$209;53;TRUE;546;141;7999375e-799c-4e7b-b420-419dc89366ac;458;https://drive.google.com/uc?id=20tUvWxYzAbCdEfGhIjKlMnOpQr
8a7ef21e-60bd-40bf-ad29-bb7b0f705b91;Cacao Bali Grade B;Description of the product.;$11-$113;62;FALSE;326;262;d1047776-4414-4056-a531-24e3233eb7d0;217;https://drive.google.com/uc?id=4dEfGhIjKlMnOpQrStUvWxYzAbC
87c47339-ad65-4eda-a453-27115bf1302d;Coffee Lini S Grade 4b;Description of the product.;$25-$162;87;FALSE;885;624;0e85df9b-6f6a-43d0-ab53-538a7d7323ee;214;https://drive.google.com/uc?id=6fGhIjKlMnOpQrStUvWxYzAbCdE
c7783f82-b306-413a-9635-4bb3016374bf;Wood Decking;Description of the product.;$61-$456;39;TRUE;546;152;d9d51313-14c8-47f5-bcf3-0245e05ea8b3;20;https://drive.google.com/uc?id=7gHiJkLmNoPqRsTuVwXyZaBcDeF
c936cc0a-4a88-44df-b289-7ff684bb7eac;Cacao Bali Grade A;Description of the product.;$98-$291;13;TRUE;674;117;97a02091-3f61-4fa1-9d79-5dfe018a02cb;49;https://drive.google.com/uc?id=14nOpQrStUvWxYzAbCdEfGhIjKl
c8905238-ebe8-4035-b9a3-3274e968cc15;Coffee Flores Bajawa Grade 4b;Description of the product.;$83-$423;60;FALSE;491;770;9c6773d2-42f2-49bc-84de-b2deeb2a60cf;360;https://drive.google.com/uc?id=13mNoPqRsTuVwXyZaBcDeFgHiJk
a501be78-6cae-496c-9563-b81ff820a499;Wood Lumber;Description of the product.;$36-$221;45;FALSE;329;878;01cb5184-cddf-4a63-8cf3-0f7a45e178d6;135;https://drive.google.com/uc?id=18rStUvWxYzAbCdEfGhIjKlMnOp
3d58bd73-bf78-4aaf-980c-e4ad0d3c03f8;Coffee Flores Bajawa Grade 2;Description of the product.;$75-$294;51;TRUE;999;114;22fcaa62-b741-4fcf-93b1-b6fedbdc6ad3;441;https://drive.google.com/uc?id=12lMnOpQrStUvWxYzAbCdEfGhIj
ab7c98cb-def5-4736-bce2-977c91b5ab8b;Coffee Gayo Grade 5;Description of the product.;$47-$488;32;FALSE;583;16;2cae44cb-5602-4d25-a445-2a41a284bfd2;205;https://drive.google.com/uc?id=4dEfGhIjKlMnOpQrStUvWxYzAbC
66447a72-b199-436d-a90c-a8d991a214c6;Wood Sculpture;Description of the product.;$23-$218;66;TRUE;866;330;302089f8-0b41-45cb-af93-fbe69db572d1;158;https://drive.google.com/uc?id=12lMnOpQrStUvWxYzAbCdEfGhIj
145382ae-bf0e-4692-8107-625a48c54b22;Wood Carvings;Description of the product.;$41-$330;92;TRUE;331;40;034d31f7-72d8-4211-a1b6-7fbe258bbf52;309;https://drive.google.com/uc?id=3cDeFgHiJkLmNoPqRsTuVwXyZaB
1bb071bc-c50c-4b7d-a979-88b1f539cf57;Cacao Forastero Grade C;Description of the product.;$36-$348;91;FALSE;144;778;d53f2903-d0e4-4c7b-8054-340f2bdd9195;249;https://drive.google.com/uc?id=20tUvWxYzAbCdEfGhIjKlMnOpQr
e0e0e1e0-df81-497e-b0e8-42ed94d96b15;Wood Flooring;Description of the product.;$42-$333;54;TRUE;555;416;1e610201-0aad-4683-8a59-8150bbdf4d25;460;https://drive.google.com/uc?id=17qRsTuVwXyZaBcDeFgHiJkLmNo
6be52a8b-37ba-4227-8e6d-7ce59c359076;Wood Veneer;Description of the product.;$66-$404;73;FALSE;976;742;ec290064-1076-4e84-a5ec-032c2d278390;104;https://drive.google.com/uc?id=9iJkLmNoPqRsTuVwXyZaBcDeFgH
